"filename", "language", "Python", "Markdown", "YAML", "comment", "blank", "total"
"c:\Users\ISMAEL\Downloads\simulador bb84\.github\workflows\tests.yml", "YAML", 0, 0, 25, 0, 7, 32
"c:\Users\ISMAEL\Downloads\simulador bb84\CHANGELOG.md", "Markdown", 0, 27, 0, 0, 20, 47
"c:\Users\ISMAEL\Downloads\simulador bb84\README.md", "Markdown", 0, 29, 0, 0, 16, 45
"c:\Users\ISMAEL\Downloads\simulador bb84\examples\demo_basic.py", "Python", 10, 0, 0, 3, 6, 19
"c:\Users\ISMAEL\Downloads\simulador bb84\src\bb84_simulator\__init__.py", "Python", 60, 0, 0, 3, 4, 67
"c:\Users\ISMAEL\Downloads\simulador bb84\src\bb84_simulator\__main__.py", "Python", 80, 0, 0, 5, 12, 97
"c:\Users\ISMAEL\Downloads\simulador bb84\src\bb84_simulator\attacks.py", "Python", 58, 0, 0, 15, 26, 99
"c:\Users\ISMAEL\Downloads\simulador bb84\src\bb84_simulator\cascade.py", "Python", 108, 0, 0, 7, 30, 145
"c:\Users\ISMAEL\Downloads\simulador bb84\src\bb84_simulator\channels.py", "Python", 223, 0, 0, 26, 40, 289
"c:\Users\ISMAEL\Downloads\simulador bb84\src\bb84_simulator\classical.py", "Python", 117, 0, 0, 15, 28, 160
"c:\Users\ISMAEL\Downloads\simulador bb84\src\bb84_simulator\entropy.py", "Python", 111, 0, 0, 12, 40, 163
"c:\Users\ISMAEL\Downloads\simulador bb84\src\bb84_simulator\models.py", "Python", 69, 0, 0, 4, 13, 86
"c:\Users\ISMAEL\Downloads\simulador bb84\src\bb84_simulator\quantum.py", "Python", 30, 0, 0, 6, 16, 52
"c:\Users\ISMAEL\Downloads\simulador bb84\src\bb84_simulator\security.py", "Python", 242, 0, 0, 17, 47, 306
"c:\Users\ISMAEL\Downloads\simulador bb84\src\bb84_simulator\simulator.py", "Python", 224, 0, 0, 103, 37, 364
"c:\Users\ISMAEL\Downloads\simulador bb84\src\bb84_simulator\validation.py", "Python", 20, 0, 0, 7, 9, 36
"c:\Users\ISMAEL\Downloads\simulador bb84\tests\test_cascade.py", "Python", 64, 0, 0, 25, 23, 112
"c:\Users\ISMAEL\Downloads\simulador bb84\tests\test_channels.py", "Python", 87, 0, 0, 26, 36, 149
"c:\Users\ISMAEL\Downloads\simulador bb84\tests\test_crypto_properties.py", "Python", 33, 0, 0, 12, 18, 63
"c:\Users\ISMAEL\Downloads\simulador bb84\tests\test_entropy.py", "Python", 34, 0, 0, 6, 20, 60
"c:\Users\ISMAEL\Downloads\simulador bb84\tests\test_integration.py", "Python", 55, 0, 0, 9, 16, 80
"c:\Users\ISMAEL\Downloads\simulador bb84\tests\test_parameters.py", "Python", 43, 0, 0, 20, 25, 88
"c:\Users\ISMAEL\Downloads\simulador bb84\tests\test_security.py", "Python", 96, 0, 0, 18, 24, 138
"Total", "-", 1764, 56, 25, 339, 513, 2697